Customer ID,Recency,Frequency,Monetary,Recency Score,Frequency Score,Monetary Score,Segment,Profit
AA-10315,184,11,5563.56,2,3,5,At Risk,-362.8825
AA-10375,19,15,1056.39,5,4,2,Loyal,277.3824
AA-10480,259,12,1790.51,1,3,3,At Risk,435.8274
AA-10645,55,18,5086.93,3,4,5,At Risk,857.8033
AB-10015,415,6,886.16,1,1,1,Lost,129.3465
AB-10060,54,18,7755.62,3,4,5,At Risk,2054.5885
AB-10105,41,20,14473.57,4,5,5,High-Value,5444.8055
AB-10150,41,12,966.71,4,3,2,Other,313.6597
AB-10165,25,14,1113.84,5,4,2,Loyal,220.813
AB-10255,166,14,914.53,2,4,1,Churned Frequent,264.5675
AB-10600,50,8,1515.86,4,2,2,Other,-274.9604
AC-10420,232,5,925.8,1,1,1,Lost,-62.1342
AC-10450,11,9,5527.85,5,2,5,Potential Loyalists,1366.0098
AC-10615,6,18,2537.69,5,4,3,Loyal,298.8273
AC-10660,282,6,657.32,1,1,1,Lost,-28.7004
AD-10180,29,12,6106.88,4,3,5,Potential Loyalists,1869.9294
AF-10870,41,16,2052.91,4,4,3,Loyal,317.9712
AF-10885,415,7,861.56,1,1,1,Lost,-163.1175
AG-10270,278,14,2582.9,1,4,3,At Risk,732.7399
AG-10300,118,5,367.55,2,1,1,Lost,59.2884
AG-10330,8,9,660.97,5,2,1,Other,-5.1371
AG-10390,114,8,200.94,2,2,1,Lost,69.2784
AG-10495,78,21,2356.86,3,5,3,At Risk,295.6668
AG-10525,845,9,1455.04,1,2,2,Lost,-152.7613
AG-10675,97,15,3489.04,3,4,4,At Risk,-246.4257
AG-10765,77,5,170.58,3,1,1,Other,-8.431
AG-10900,96,21,4510.8,3,5,5,At Risk,343.6824
AH-10030,12,11,1744.7,5,3,3,Other,365.2152
AH-10075,34,20,3250.34,4,5,4,High-Value,281.189
AH-10120,60,16,1735.51,3,4,2,Churned Frequent,-2.3146
AH-10195,55,8,1587.45,3,2,2,Other,-378.5509
AH-10210,6,13,4805.34,5,3,5,Potential Loyalists,1308.5546
AH-10465,230,8,2495.39,1,2,3,Other,-196.1201
AH-10585,21,5,738.5,5,1,1,New,83.963
AH-10690,410,23,7888.29,1,5,5,Churned Loyal,1298.0166
AI-10855,13,18,4375.79,5,4,5,High-Value,867.7271
AJ-10780,75,15,4867.34,3,4,5,At Risk,150.713
AJ-10795,166,21,4501.39,2,5,5,Churned Loyal,1158.7064
AJ-10945,85,10,1839.24,3,2,3,Other,521.1352
AJ-10960,74,5,629.25,3,1,1,Other,60.4265
AM-10360,28,12,814.01,4,3,1,Other,194.9878
AM-10705,162,22,5664.02,2,5,5,Churned Loyal,1085.7326
AO-10810,501,1,161.28,1,1,1,Lost,12.096
AP-10720,41,19,1638.55,4,5,2,Loyal,285.7888
AP-10915,98,31,3323.56,3,5,4,At Risk,579.3113
AR-10345,111,5,1055.69,2,1,2,Lost,-221.0544
AR-10405,125,7,2236.13,2,1,3,Other,-98.7646
AR-10510,14,7,264.86,5,1,1,New,43.6695
AR-10540,6,9,6608.45,5,2,5,Potential Loyalists,2884.6208
AR-10570,534,2,88.15,1,1,1,Lost,32.633
AR-10825,58,13,4523.34,3,3,5,At Risk,494.8352
AS-10045,88,10,3050.69,3,2,4,Dormant High Value,-253.5746
AS-10090,28,25,3255.31,4,5,4,High-Value,64.5374
AS-10135,41,3,58.82,4,1,1,New,21.8496
AS-10225,22,13,4260.78,5,3,4,Potential Loyalists,719.7751
AS-10240,192,13,584.61,2,3,1,Other,33.7158
AS-10285,19,8,3214.24,5,2,4,Potential Loyalists,354.6276
AS-10630,92,12,833.4,3,3,1,Other,136.4919
AT-10435,21,9,1171.81,5,2,2,Other,100.8768
AT-10735,13,16,3831.86,5,4,4,High-Value,974.107
AW-10840,20,8,649.38,5,2,1,Other,65.7725
AW-10930,46,16,2852.97,4,4,4,High-Value,-104.5486
AY-10555,14,10,497.01,5,2,1,Other,103.3499
AZ-10750,160,12,1622.02,2,3,2,Other,154.9503
BB-10990,105,8,744.34,2,2,1,Lost,11.5839
BB-11545,28,20,6765.73,4,5,5,High-Value,1015.075
BC-11125,202,18,2933.68,2,4,4,Churned Loyal,251.5974
BD-11320,33,19,5718.52,4,5,5,High-Value,1094.5037
BD-11500,35,10,4411.24,4,2,5,Potential Loyalists,1142.1225
BD-11560,278,4,320.54,1,1,1,Lost,116.714
BD-11605,97,20,3288.47,3,5,4,At Risk,634.8463
BD-11620,69,8,1538.11,3,2,2,Other,206.7569
BD-11635,9,5,582.65,5,1,1,New,141.534
BD-11725,93,10,1526.5,3,2,2,Other,333.9791
BD-11770,327,10,658.47,1,2,1,Lost,141.265
BE-11335,119,9,4204.68,2,2,4,Dormant High Value,1487.7739
BE-11410,98,5,2261.44,3,1,3,Other,755.9151
BE-11455,254,13,1727.65,1,3,2,Other,139.2008
BF-10975,91,13,599.8,3,3,1,Other,227.4384
BF-11005,39,10,1333.88,4,2,2,Other,-291.3811
BF-11020,74,21,2888.51,3,5,4,At Risk,302.02
BF-11080,25,6,272.95,5,1,1,New,110.9272
BF-11170,16,27,5907.97,5,5,5,High-Value,1538.2127
BF-11215,65,8,1585.16,3,2,2,Other,523.2133
BF-11275,57,4,791.99,3,1,1,Other,25.8702
BG-11035,28,12,2798.95,4,3,4,Potential Loyalists,-711.4274
BG-11695,36,8,1874.17,4,2,3,Other,107.5715
BG-11740,57,7,1006.36,3,1,2,Other,119.3479
BH-11710,23,24,6255.35,5,5,5,High-Value,802.7898
BK-11260,77,16,659.14,3,4,1,Churned Frequent,-63.7644
BM-11140,307,16,11789.63,1,4,5,Churned Loyal,-1659.9581
BM-11575,100,10,808.16,3,2,1,Other,95.5816
BM-11650,33,29,7294.18,4,5,5,High-Value,2199.2781
BM-11785,218,14,1338.84,2,4,2,Churned Frequent,137.7439
BN-11470,24,6,265.3,5,1,1,New,36.6131
BN-11515,9,17,1459.34,5,4,2,Loyal,340.7054
BO-11350,137,12,2682.73,2,3,3,At Risk,278.777
BO-11425,75,2,130.83,3,1,1,Other,59.4522
BP-11050,83,7,983.42,3,1,2,Other,209.783
BP-11095,17,20,2442.04,5,5,3,Loyal,433.9751
BP-11155,89,11,1697.86,3,3,2,Other,647.3847
BP-11185,1,18,3675.86,5,4,4,High-Value,363.5991
BP-11230,39,6,1181.49,4,1,2,Other,-197.2695
BP-11290,12,16,2475.16,5,4,3,Loyal,-319.0637
BS-11365,558,9,10501.65,1,2,5,Dormant High Value,2616.0644
BS-11380,28,13,3887.83,4,3,4,Potential Loyalists,-17.5322
BS-11590,35,10,2454.93,4,2,3,Other,381.7807
BS-11665,582,11,3288.11,1,3,4,At Risk,238.7368
BS-11755,1,14,2562.38,5,4,3,Loyal,-113.2984
BS-11800,265,8,949.43,1,2,1,Lost,194.0516
BT-11305,336,9,2567.66,1,2,3,Other,417.5918
BT-11395,302,10,2186.61,1,2,3,Other,257.9163
BT-11440,560,7,603.88,1,1,1,Lost,-77.5256
BT-11485,659,3,415.2,1,1,1,Lost,126.8694
BT-11530,91,10,2684.49,3,2,3,Other,409.4983
BT-11680,20,20,3196.75,5,5,4,High-Value,447.7484
BV-11245,334,14,1523.27,1,4,2,Churned Frequent,315.2214
BW-11065,212,3,385.52,2,1,1,Lost,-58.2866
BW-11110,121,17,4750.36,2,4,5,Churned Loyal,921.2574
BW-11200,203,10,1738.41,2,2,2,Lost,246.9973
CA-11965,96,10,3789.72,3,2,4,Dormant High Value,1143.3817
CA-12055,401,10,1679.72,1,2,2,Lost,211.2559
CA-12265,56,17,2648.29,3,4,3,At Risk,279.6183
CA-12310,13,11,1421.95,5,3,2,Other,246.0218
CA-12775,120,17,3041.57,2,4,4,Churned Loyal,204.4895
CB-12025,47,26,6076.14,4,5,5,High-Value,150.2089
CB-12415,26,12,1949.2,5,3,3,Other,272.3883
CB-12535,197,19,4246.46,2,5,4,Churned Loyal,1049.5601
CC-12100,457,13,1770.94,1,3,3,At Risk,208.5912
CC-12145,106,11,2471.65,2,3,3,At Risk,392.2825
CC-12220,20,22,3913.42,5,5,4,High-Value,393.9618
CC-12370,43,11,12129.07,4,3,5,Potential Loyalists,2177.0493
CC-12430,0,19,2870.05,5,5,4,High-Value,424.6583
CC-12475,39,13,1659.44,4,3,2,Other,154.851
CC-12550,27,4,113.83,4,1,1,New,33.8706
CC-12610,34,12,2540.63,4,3,3,Other,331.434
CC-12670,29,14,2269.7,4,4,3,Loyal,187.8399
CC-12685,799,12,2854.12,1,3,4,At Risk,850.1591
CD-11920,40,9,2033.97,4,2,3,Other,426.661
CD-11980,54,6,639.77,3,1,1,Other,-206.7172
CD-12280,42,13,1205.58,4,3,2,Other,233.0274
CD-12790,399,15,1860.73,1,4,3,At Risk,403.8422
CG-12040,49,9,904.47,4,2,1,Other,86.5106
CG-12520,338,5,1148.78,1,1,2,Lost,169.9344
CH-12070,691,4,1537.24,1,1,2,Lost,195.1511
CJ-11875,365,1,16.52,1,1,1,Lost,1.652
CJ-12010,189,20,11164.97,2,5,5,Churned Loyal,858.7414
CK-12205,39,32,3154.86,4,5,4,High-Value,141.2831
CK-12325,120,12,2945.32,2,3,4,At Risk,261.2209
CK-12595,43,25,2372.75,4,5,3,Loyal,497.7098
CK-12760,82,14,1582.11,3,4,2,Churned Frequent,-338.4311
CL-11890,106,7,1262.01,2,1,2,Lost,328.0847
CL-12565,284,28,10880.55,1,5,5,Churned Loyal,1933.7831
CL-12700,105,8,2353.59,2,2,3,Other,229.0099
CM-11815,131,10,1673.89,2,2,2,Lost,214.463
CM-11935,708,4,565.39,1,1,1,Lost,-43.7324
CM-12115,8,7,1661.61,5,1,2,Other,409.0679
CM-12160,26,7,2533.31,5,1,3,Other,-394.3686
CM-12190,8,7,1475.14,5,1,2,Other,91.2033
CM-12235,385,8,2305.71,1,2,3,Other,365.0387
CM-12385,37,10,8954.02,4,2,5,Potential Loyalists,3899.8904
CM-12445,436,9,287.99,1,2,1,Lost,64.4296
CM-12655,27,10,6339.56,4,2,5,Potential Loyalists,1572.4585
CM-12715,1035,13,3984.45,1,3,4,At Risk,176.3108
CP-12085,82,14,5402.25,3,4,5,At Risk,427.0258
CP-12340,160,15,5888.28,2,4,5,Churned Loyal,-1850.3029
CR-12580,57,6,2148.85,3,1,3,Other,74.4013
CR-12625,470,4,475.9,1,1,1,Lost,144.7594
CR-12730,78,6,1600.55,3,1,2,Other,306.9176
CR-12820,85,7,1397.87,3,1,2,Other,83.2703
CS-11845,91,8,1278.95,3,2,2,Other,185.3776
CS-11860,162,7,537.63,2,1,1,Lost,105.8275
CS-11950,25,22,3036.55,5,5,4,High-Value,-126.4223
CS-12130,489,7,884.64,1,1,1,Lost,143.8339
CS-12175,232,8,844.46,1,2,1,Lost,113.1405
CS-12250,26,28,2754.22,5,5,4,High-Value,738.3626
CS-12355,6,22,3202.16,5,5,4,High-Value,831.9432
CS-12400,2,14,3651.86,5,4,4,High-Value,-342.8033
CS-12460,27,6,550.64,4,1,1,New,156.2593
CS-12490,424,9,1077.23,1,2,2,Lost,-302.8761
CS-12505,58,9,5690.05,3,2,5,Dormant High Value,-6626.3895
CT-11995,96,18,3241.9,3,4,4,At Risk,161.2263
CV-12295,254,13,2830.63,1,3,4,At Risk,493.0861
CV-12805,5,19,2370.31,5,5,3,Loyal,98.9975
CW-11905,22,11,1136.59,5,3,2,Other,370.8298
CY-12745,60,11,2900.03,3,3,4,At Risk,60.6467
Co-12640,549,8,1300.08,1,2,2,Lost,205.6282
DA-13450,352,8,156.76,1,2,1,Lost,56.7904
DB-12910,21,12,2171.6,5,3,3,Other,431.3748
DB-12970,241,14,2839.23,1,4,4,Churned Loyal,213.0029
DB-13060,16,13,4531.65,5,3,5,Potential Loyalists,473.0272
DB-13120,48,14,2973.09,4,4,4,High-Value,-1421.7692
DB-13210,9,21,2332.58,5,5,3,Loyal,169.9679
DB-13270,53,13,4655.9,4,3,5,Potential Loyalists,841.8264
DB-13360,264,6,1081.47,1,1,2,Lost,291.0085
DB-13405,187,14,1711.69,2,4,2,Churned Frequent,438.9092
DB-13555,107,14,3908.8,2,4,4,Churned Loyal,109.327
DB-13615,33,11,1989.05,4,3,3,Other,438.8012
DB-13660,12,10,1155.2,5,2,2,Other,177.6735
DC-12850,37,18,3336.17,4,4,4,High-Value,-1441.6313
DC-13285,23,7,1174.62,5,1,2,Other,132.0682
DD-13570,41,9,269.54,4,2,1,Other,36.4344
DE-13255,719,9,2550.87,1,2,3,Other,464.4714
DF-13135,700,6,2390.53,1,1,3,Other,-259.3097
DG-13300,32,8,3195.82,4,2,4,Potential Loyalists,562.7761
DH-13075,277,23,4932.87,1,5,5,Churned Loyal,1193.7404
DH-13675,776,11,1043.1,1,3,2,Other,116.667
DJ-13420,637,5,2012.52,1,1,3,Other,483.035
DJ-13510,48,13,2501.69,4,3,3,Other,345.2521
DJ-13630,12,8,3356.4,5,2,4,Potential Loyalists,731.5644
DK-12835,21,27,3256.48,5,5,4,High-Value,881.1228
DK-12895,45,15,4282.18,4,4,4,High-Value,937.6496
DK-12985,7,8,1687.04,5,2,2,Other,-107.3538
DK-13090,42,13,2650.56,4,3,3,Other,536.3935
DK-13150,10,5,797.83,5,1,1,New,249.9447
DK-13225,10,19,4802.39,5,5,5,High-Value,209.8994
DK-13375,19,23,3318.49,5,5,4,High-Value,377.0799
DL-12865,100,14,1503.11,3,4,2,Churned Frequent,322.2449
DL-12925,57,14,3272.2,3,4,4,At Risk,4.2132
DL-13315,22,17,1458.26,5,4,2,Loyal,288.8732
DL-13330,57,8,585.02,3,2,1,Other,222.6812
DL-13495,76,12,3539.32,3,3,4,At Risk,-52.788
DM-12955,114,9,1322.03,2,2,2,Lost,108.7583
DM-13015,57,20,6345.1,3,5,5,At Risk,1677.3931
DM-13345,22,13,4074.47,5,3,4,Potential Loyalists,1319.0586
DM-13525,481,10,1376.79,1,2,2,Lost,199.7688
DN-13690,217,11,2139.79,2,3,3,At Risk,540.5405
DO-13435,133,13,1300.03,2,3,2,Other,-38.9086
DO-13645,26,11,1267.32,5,3,2,Other,294.0676
DP-13000,126,17,1050.64,2,4,2,Churned Frequent,241.4524
DP-13105,6,14,2215,5,4,3,Loyal,563.1761
DP-13165,812,4,1058.62,1,1,2,Lost,-40.9376
DP-13390,358,14,5480.72,1,4,5,Churned Loyal,1571.8318
DR-12880,3,24,6528.03,5,5,5,High-Value,1641.8613
DR-12940,50,13,8350.87,4,3,5,Potential Loyalists,2869.076
DS-13030,93,19,1762.21,3,5,3,At Risk,193.3319
DS-13180,23,20,2881.81,5,5,4,High-Value,163.6993
DV-13045,19,9,1119.48,5,2,2,Other,-427.184
DV-13465,29,15,3341.59,4,4,4,High-Value,353.2127
DW-13195,69,9,1080.75,3,2,2,Other,-86.8738
DW-13480,217,11,5271.63,2,3,5,At Risk,1348.7556
DW-13540,98,9,344.08,3,2,1,Other,69.6672
DW-13585,242,10,1204.85,1,2,2,Lost,-266.8966
Dl-13600,119,6,755.6,2,1,1,Lost,175.2388
Dp-13240,84,29,7198.76,3,5,5,At Risk,333.3648
EA-14035,152,25,2846.7,2,5,4,Churned Loyal,-52.7406
EB-13705,48,12,3644.98,4,3,4,Potential Loyalists,13.6215
EB-13750,35,20,3236.31,4,5,4,High-Value,-80.286
EB-13840,90,8,4358.13,3,2,5,Dormant High Value,656.1988
EB-13870,100,11,2767.22,3,3,4,At Risk,261.5315
EB-13930,161,7,944.6,2,1,1,Lost,0.6042
EB-13975,0,6,1643.26,5,1,2,Other,162.8781
EB-14110,113,11,3071.13,2,3,4,At Risk,184.7656
EB-14170,82,7,1186.33,3,1,2,Other,282.1701
EC-14050,53,7,461.91,4,1,1,New,96.4256
ED-13885,135,14,3484.92,2,4,4,Churned Loyal,670.4435
EG-13900,22,9,1832.02,5,2,3,Other,104.2656
EH-13765,135,32,10310.88,2,5,5,Churned Loyal,1393.5154
EH-13945,217,17,684.17,2,4,1,Churned Frequent,53.5398
EH-13990,405,8,825.95,1,2,1,Lost,150.3759
EH-14005,2,11,1219.53,5,3,2,Other,-94.1408
EH-14125,152,18,3082.65,2,4,4,Churned Loyal,96.2702
EH-14185,105,8,923.88,2,2,1,Lost,242.1107
EJ-13720,302,8,2162.17,1,2,3,Other,387.0176
EJ-14155,57,8,2656.69,3,2,3,Other,451.8755
EK-13795,44,4,1303.48,4,1,2,Other,97.1066
EL-13735,77,2,124.28,3,1,1,Other,27.1154
EM-13810,132,7,2567.01,2,1,3,Other,-133.8275
EM-13825,55,16,2339.6,3,4,3,At Risk,682.5542
EM-13960,151,6,933.7,2,1,1,Lost,102.296
EM-14065,47,6,228.99,4,1,1,New,40.1546
EM-14095,113,10,1041.04,2,2,2,Lost,240.2362
EM-14140,48,21,4588.44,4,5,5,High-Value,1319.3655
EM-14200,158,4,366.82,2,1,1,Lost,21.7721
EN-13780,287,9,2199.37,1,2,3,Other,496.1131
EP-13915,12,31,5478.06,5,5,5,High-Value,144.9578
ER-13855,421,5,1245.79,1,1,2,Lost,-295.7398
ES-14020,40,8,3510.46,4,2,4,Potential Loyalists,1003.2935
ES-14080,28,20,4657.92,4,5,5,High-Value,246.6661
FA-14230,97,17,2984.05,3,4,4,At Risk,520.5229
FC-14245,70,14,3418.74,3,4,4,At Risk,1217.1662
FC-14335,184,10,3889.37,2,2,4,Dormant High Value,714.2926
FG-14260,34,11,1383.14,4,3,2,Other,394.7397
FH-14275,37,21,4256.27,4,5,4,High-Value,1073.2676
FH-14350,212,14,2271.28,2,4,3,At Risk,706.289
FH-14365,5,13,6987.2,5,3,5,Potential Loyalists,2050.2826
FM-14215,7,15,2456.64,5,4,3,Loyal,249.6808
FM-14290,36,20,3736.2,4,5,4,High-Value,198.1095
FM-14380,145,14,2523.27,2,4,3,At Risk,191.4898
FO-14305,38,15,2678.44,4,4,3,Loyal,215.5969
FP-14320,23,14,4046.75,5,4,4,High-Value,406.4473
FW-14395,362,3,79.75,1,1,1,Lost,23.4913
GA-14515,149,14,3919.78,2,4,4,Churned Loyal,840.899
GA-14725,5,22,1398.38,5,5,2,Loyal,136.7079
GB-14530,62,20,1568.44,3,5,2,Churned Frequent,7.8371
GB-14575,13,16,4716.29,5,4,5,High-Value,1135.8393
GD-14590,5,6,1888.07,5,1,3,Other,230.9373
GG-14650,43,24,2224,4,5,3,Loyal,12.6985
GH-14410,75,17,2819.47,3,4,4,At Risk,-576.8335
GH-14425,50,10,4172.85,4,2,4,Potential Loyalists,1176.4181
GH-14485,387,3,1361.24,1,1,2,Lost,-95.4498
GH-14665,2,3,146.94,5,1,1,New,-5.8102
GK-14620,112,14,6497.27,2,4,5,Churned Loyal,1448.5525
GM-14440,83,11,3582.82,3,3,4,At Risk,347.266
GM-14455,16,12,3078.62,5,3,4,Potential Loyalists,793.2814
GM-14500,106,13,1255.68,2,3,2,Other,441.3185
GM-14680,152,11,3163.63,2,3,4,At Risk,35.4865
GM-14695,117,11,6049.97,2,3,5,At Risk,188.7235
GP-14740,765,5,236.53,1,1,1,Lost,31.8376
GR-14560,1135,5,1284.38,1,1,2,Lost,359.8332
GT-14635,56,6,9351.21,3,1,5,Dormant High Value,-4108.6589
GT-14710,36,29,11820.12,4,5,5,High-Value,2163.4269
GT-14755,34,7,226.44,4,1,1,New,-6.1392
GW-14605,28,9,2189.02,4,2,3,Other,-268.5423
GZ-14470,7,14,4355.15,5,4,5,High-Value,1087.7539
GZ-14545,157,5,2454.62,2,1,3,Other,828.661
HA-14905,69,10,2163.3,3,2,3,Other,270.8574
HA-14920,20,18,2584.16,5,4,3,Loyal,99.1445
HD-14785,769,7,251.36,1,1,1,Lost,-135.876
HE-14800,12,11,883.53,5,3,1,Other,274.4028
HF-14995,21,19,2533.16,5,5,3,Loyal,-13.8768
HG-14845,54,10,785.63,3,2,1,Other,147.0032
HG-14965,23,17,3247.64,5,4,4,High-Value,-2797.9635
HG-15025,6,11,3690.28,5,3,4,Potential Loyalists,804.6113
HH-15010,72,6,218.67,3,1,1,Other,86.7342
HJ-14875,126,6,358.1,2,1,1,Lost,98.6548
HK-14890,151,15,4877.78,2,4,5,Churned Loyal,956.9451
HL-15040,43,11,12873.3,4,3,5,Potential Loyalists,5622.4292
HM-14860,2,20,8236.76,5,5,5,High-Value,2437.9836
HM-14980,247,7,736.28,1,1,1,Lost,117.2755
HP-14815,30,10,1990.31,4,2,3,Other,373.8637
HR-14770,13,13,1299.29,5,3,2,Other,185.5794
HR-14830,159,14,5248.79,2,4,5,Churned Loyal,1196.9504
HW-14935,117,20,9300.25,2,5,5,Churned Loyal,2164.1611
HZ-14950,35,6,886.52,4,1,1,New,-130.3879
IG-15085,71,7,744.57,3,1,1,Other,320.4982
IL-15100,142,14,5040.74,2,4,5,Churned Loyal,1121.937
IM-15055,409,4,2872.63,1,1,4,Dormant High Value,975.7701
IM-15070,390,21,4930.47,1,5,5,Churned Loyal,514.6527
JA-15970,92,24,6491.03,3,5,5,At Risk,-819.4217
JB-15400,7,16,1791.6,5,4,3,Loyal,156.0532
JB-15925,737,8,900.55,1,2,1,Lost,-286.9808
JB-16000,43,7,644.12,4,1,1,New,126.7649
JB-16045,7,9,2518.11,5,2,3,Other,201.5185
JC-15340,114,4,71.26,2,1,1,Lost,-0.3556
JC-15385,175,4,1058.11,2,1,2,Lost,502.9244
JC-15775,158,16,2772.06,2,4,4,Churned Loyal,279.5692
JC-16105,57,9,858.58,3,2,1,Other,201.5952
JD-15790,117,7,2152.35,2,1,3,Other,-266.5525
JD-15895,394,32,7610.86,1,5,5,Churned Loyal,1050.2668
JD-16015,112,11,385.43,2,3,1,Other,26.7605
JD-16060,300,6,695.44,1,1,1,Lost,111.1141
JD-16150,41,17,8828.03,4,4,5,High-Value,1619.5199
JE-15475,193,13,1388.68,2,3,2,Other,276.2197
JE-15610,48,20,7754.98,4,5,5,High-Value,1623.4019
JE-15715,46,22,8697.84,4,5,5,High-Value,1262.2926
JE-15745,51,23,6760.82,4,5,5,High-Value,221.7967
JE-16165,20,7,2697.25,5,1,3,Other,789.6476
JF-15190,65,19,2279.59,3,5,3,At Risk,575.1259
JF-15295,225,14,955.12,1,4,1,Churned Frequent,97.289
JF-15355,105,16,1911.84,2,4,3,At Risk,330.199
JF-15415,2,14,2371.45,5,4,3,Loyal,635.6376
JF-15490,121,15,1082.92,2,4,2,Churned Frequent,-18.0673
JF-15565,54,16,4198.33,3,4,4,At Risk,1073.2088
JG-15115,758,7,2358.68,1,1,3,Other,684.1911
JG-15160,1,18,6366.39,5,4,5,High-Value,1415.6664
JG-15310,2,11,2240.58,5,3,3,Other,3.7976
JG-15805,223,9,1507.02,2,2,2,Lost,206.1019
JH-15430,5,7,309.28,5,1,1,New,-24.0771
JH-15820,174,8,528.91,2,2,1,Lost,26.0822
JH-15910,41,9,959.48,4,2,1,Other,-13.5545
JH-15985,29,14,7955,4,4,5,High-Value,-644.6982
JH-16180,404,5,2256.39,1,1,3,Other,-96.953
JJ-15445,483,6,709.18,1,1,1,Lost,200.5558
JJ-15760,753,3,195,1,1,1,Lost,34.4492
JK-15205,61,13,4427.14,3,3,5,At Risk,1219.983
JK-15325,287,4,383.81,1,1,1,Lost,55.3277
JK-15370,44,17,2709.63,4,4,3,Loyal,330.2838
JK-15625,61,12,3760.03,3,3,4,At Risk,750.9485
JK-15640,180,12,4760.43,2,3,5,At Risk,1172.5303
JK-15730,84,20,4867.2,3,5,5,At Risk,55.0483
JK-16090,28,9,3747.67,4,2,4,Potential Loyalists,586.6625
JK-16120,117,17,2932.48,2,4,4,Churned Loyal,122.6566
JL-15130,8,12,1214.96,5,3,2,Other,-207.7956
JL-15175,6,7,1571.52,5,1,2,Other,209.2817
JL-15235,119,10,2203.7,2,2,3,Other,54.5174
JL-15505,49,17,3173.87,4,4,4,High-Value,591.7163
JL-15835,21,34,9799.92,5,5,5,High-Value,228.907
JL-15850,614,11,2725.26,1,3,3,At Risk,779.9046
JM-15250,37,19,3159.12,4,5,4,High-Value,19.8235
JM-15265,37,13,1804.15,4,3,3,Other,502.6143
JM-15535,102,10,1733.44,3,2,2,Other,356.5395
JM-15580,0,7,303.95,5,1,1,New,113.1204
JM-15655,8,12,864.95,5,3,1,Other,117.204
JM-15865,109,13,7625.08,2,3,5,At Risk,1574.6164
JM-16195,57,19,2833.93,3,5,4,At Risk,754.1144
JO-15145,57,13,3254.95,3,3,4,At Risk,581.4045
JO-15280,92,11,1934.27,3,3,3,At Risk,202.1362
JO-15550,215,11,1090.84,2,3,2,Other,167.6709
JP-15460,37,15,1669.14,4,4,2,Loyal,429.7465
JP-15520,8,16,3635.59,5,4,4,High-Value,757.1802
JP-16135,102,13,1707.71,3,3,2,Other,309.7116
JR-15670,593,3,1156.66,1,1,2,Lost,-785.1645
JR-15700,68,1,863.88,3,1,1,Other,107.985
JR-16210,33,10,2201.69,4,2,3,Other,452.373
JS-15595,119,8,1417.65,2,2,2,Lost,-175.549
JS-15685,42,11,1131.06,4,3,2,Other,-54.8692
JS-15880,534,9,3868.02,1,2,4,Dormant High Value,564.9798
JS-15940,463,8,469.17,1,2,1,Lost,-327.9336
JS-16030,28,18,2516.49,4,4,3,Loyal,-311.2575
JW-15220,42,14,7721.71,4,4,5,High-Value,2173.7094
JW-15955,5,11,1244.09,5,3,2,Other,-29.5759
JW-16075,461,7,1428.73,1,1,2,Lost,154.0637
KA-16525,36,11,1519.51,4,3,2,Other,234.9194
KB-16240,4,10,3152.62,5,2,4,Potential Loyalists,763.9076
KB-16315,296,22,1569.46,1,5,2,Churned Frequent,49.7193
KB-16405,117,9,908.82,2,2,1,Lost,274.297
KB-16585,230,23,2744.74,1,5,3,At Risk,579.3551
KB-16600,1,9,983.92,5,2,2,Other,293.5524
KC-16255,407,10,2120.95,1,2,3,Other,846.1217
KC-16540,97,5,3908.26,3,1,4,Dormant High Value,709.4219
KC-16675,57,7,1146.05,3,1,2,Other,156.7797
KD-16270,484,16,8282.36,1,4,5,Churned Loyal,1107.6952
KD-16345,41,10,1888.96,4,2,3,Other,328.5942
KD-16495,112,28,8181.26,2,5,5,Churned Loyal,3038.6254
KD-16615,289,13,2243.51,1,3,3,At Risk,539.7219
KE-16420,26,15,1686.73,5,4,2,Loyal,397.8799
KF-16285,97,18,10604.27,3,4,5,At Risk,1660.1386
KH-16330,40,18,3312.86,4,4,4,High-Value,454.7871
KH-16360,1,14,3100.61,5,4,4,High-Value,528.2051
KH-16510,22,23,5952.86,5,5,5,High-Value,656.1162
KH-16630,58,17,3918.97,3,4,4,At Risk,727.3786
KH-16690,2,15,5990.8,5,4,5,High-Value,1227.5091
KL-16555,16,22,5016.49,5,5,5,High-Value,-182.7813
KL-16645,47,29,14175.23,4,5,5,High-Value,806.855
KM-16225,14,19,2260.96,5,5,3,Loyal,635.1057
KM-16375,56,20,5620.19,3,5,5,At Risk,973.7902
KM-16660,15,9,453.54,5,2,1,Other,91.1391
KM-16720,28,28,4909.47,4,5,5,High-Value,745.7685
KN-16390,19,17,2617.27,5,4,3,Loyal,-151.1518
KN-16450,52,8,2171.96,4,2,3,Other,114.3083
KN-16705,98,15,2280.58,3,4,3,At Risk,329.7625
KS-16300,295,4,88.47,1,1,1,Lost,0.111
KT-16465,391,14,3057.1,1,4,4,Churned Loyal,254.0032
KT-16480,100,13,4642.09,3,3,5,At Risk,194.0671
KW-16435,96,10,4416.52,3,2,5,Dormant High Value,1756.135
KW-16570,771,5,449.1,1,1,1,Lost,107.927
LA-16780,154,26,8673.22,2,5,5,Churned Loyal,2059.1199
LB-16735,48,3,50.19,4,1,1,New,18.6507
LB-16795,152,24,4985.68,2,5,5,Churned Loyal,-52.191
LC-16870,27,30,2580.7,4,5,3,Loyal,-188.2511
LC-16885,16,23,7663.13,5,5,5,High-Value,1288.3469
LC-16930,41,14,4492.95,4,4,5,High-Value,288.266
LC-16960,436,7,3246.63,1,1,4,Dormant High Value,299.4802
LC-17050,54,9,2095.06,3,2,3,Other,86.778
LC-17140,13,19,2633.58,5,5,3,Loyal,231.1252
LD-16855,552,1,5.3,1,1,1,Lost,0.4641
LD-17005,414,7,1961.93,1,1,3,Other,557.1714
LE-16810,21,9,1469.45,5,2,2,Other,161.7649
LF-17185,22,16,3930.51,5,4,4,High-Value,-3583.977
LH-16750,151,3,287.43,2,1,1,Lost,12.6277
LH-16900,21,15,2295.33,5,4,3,Loyal,526.0727
LH-17020,239,6,318.24,1,1,1,Lost,-242.7399
LH-17155,385,19,1739.69,1,5,3,At Risk,316.5202
LL-16840,249,12,2741.2,1,3,3,At Risk,560.0078
LM-17065,391,7,1346.77,1,1,2,Lost,-44.878
LO-17170,2,9,644.35,5,2,1,Other,150.1712
LP-17080,40,9,756.61,4,2,1,Other,110.7813
LP-17095,9,15,3653.4,5,4,4,High-Value,338.4454
LR-16915,26,16,5142.89,5,4,5,High-Value,535.4764
LR-17035,132,12,1879.31,2,3,3,At Risk,-382.8079
LS-16945,178,14,2845.27,2,4,4,Churned Loyal,-318.7737
LS-16975,20,22,2988.67,5,5,4,High-Value,262.6367
LS-17200,96,14,1010.26,3,4,2,Churned Frequent,244.197
LS-17230,777,6,368.88,1,1,1,Lost,39.1952
LS-17245,34,12,1008.14,4,3,2,Other,348.3584
LT-16765,26,3,329.88,5,1,1,New,59.036
LT-17110,34,14,2936.25,4,4,4,High-Value,320.973
LW-16825,88,15,2238.06,3,4,3,At Risk,32.5767
LW-16990,33,11,3230.31,4,3,4,Potential Loyalists,662.8339
LW-17125,205,5,1259.04,2,1,2,Lost,192.6312
LW-17215,21,15,5420.51,5,4,5,High-Value,837.2411
MA-17560,64,34,4299.16,3,5,5,At Risk,1240.2266
MA-17995,186,12,2453.28,2,3,3,At Risk,280.7822
MB-17305,48,19,1548.7,4,5,2,Loyal,212.425
MB-18085,44,10,1428.23,4,2,2,Other,117.8057
MC-17275,76,13,2725.98,3,3,3,At Risk,461.0014
MC-17425,399,10,4432.14,1,2,5,Dormant High Value,1802.3903
MC-17575,27,11,1303.89,4,3,2,Other,210.7493
MC-17590,51,17,2426.07,4,4,3,Loyal,288.9841
MC-17605,112,18,2258.19,2,4,3,At Risk,195.4486
MC-17635,189,8,795.15,2,2,1,Lost,-247.9435
MC-17845,1,14,3805.71,5,4,4,High-Value,698.4174
MC-18100,41,19,2218.98,4,5,3,Loyal,-64.1668
MC-18130,369,11,1582,1,3,2,Other,121.7565
MD-17350,117,17,3766.38,2,4,4,Churned Loyal,-241.95
MD-17860,36,8,1204.91,4,2,2,Other,-4.0403
ME-17320,42,22,10663.73,4,5,5,High-Value,1859.4695
ME-17725,28,13,1908.45,4,3,3,Other,77.8128
ME-18010,92,6,1256.94,3,1,2,Other,107.3604
MF-17665,421,8,937.04,1,2,1,Lost,-341.5265
MF-18250,7,12,1758.3,5,3,3,Other,456.8608
MG-17650,29,14,3785.28,4,4,4,High-Value,341.898
MG-17680,92,10,2350.19,3,2,3,Other,25.8886
MG-17695,555,7,1342.28,1,1,2,Lost,-398.7932
MG-17875,116,7,1242.83,2,1,2,Lost,-470.7684
MG-17890,99,13,776.38,3,3,1,Other,171.7372
MG-18145,84,8,3061.54,3,2,4,Dormant High Value,-93.603
MG-18205,264,2,16.74,1,1,1,Lost,-1.2453
MH-17290,119,13,2394.02,2,3,3,At Risk,28.7612
MH-17440,376,9,400.02,1,2,1,Lost,61.4286
MH-17455,85,11,2456.18,3,3,3,At Risk,484.7733
MH-17620,155,6,1252.8,2,1,2,Lost,122.3612
MH-17785,98,11,2203.78,3,3,3,At Risk,238.5614
MH-18025,49,10,2984.95,4,2,4,Potential Loyalists,476.9032
MH-18115,5,22,5503.09,5,5,5,High-Value,170.9746
MJ-17740,22,15,6320.75,5,4,5,High-Value,1054.5529
MK-17905,28,17,2302.37,4,4,3,Loyal,-405.3559
MK-18160,240,11,1031.6,1,3,2,Other,227.8338
ML-17395,69,20,2722.84,3,5,3,At Risk,684.9162
ML-17410,54,15,2921.5,3,4,4,At Risk,-76.1755
ML-17755,29,13,2071.91,4,3,3,Other,409.5112
ML-18040,79,4,742.08,3,1,1,Other,138.7162
ML-18265,100,3,162.23,3,1,1,Other,42.6648
MM-17260,168,6,1314.02,2,1,2,Lost,178.402
MM-17920,7,16,3794.08,5,4,4,High-Value,82.125
MM-18055,61,19,2749.88,3,5,3,At Risk,-520.3443
MM-18280,85,12,775.41,3,3,1,Other,58.8916
MN-17935,34,10,2477.95,4,2,3,Other,290.8227
MO-17500,72,5,922.49,3,1,1,Other,59.3577
MO-17800,104,11,1687.03,2,3,2,Other,169.3437
MO-17950,180,4,154.29,2,1,1,Lost,-82.0074
MP-17470,719,14,3206.13,1,4,4,Churned Loyal,600.2873
MP-17965,72,20,3983.64,3,5,4,At Risk,638.1563
MP-18175,16,19,5087.92,5,5,5,High-Value,226.4529
MR-17545,125,6,639.18,2,1,1,Lost,162.9363
MS-17365,273,24,7443.69,1,5,5,Churned Loyal,844.9355
MS-17530,434,7,475.66,1,1,1,Lost,84.0268
MS-17710,413,15,1613.4,1,4,2,Churned Frequent,247.4348
MS-17770,121,19,3144.68,2,5,4,Churned Loyal,280.8584
MS-17830,452,5,370.35,1,1,1,Lost,19.4312
MS-17980,26,11,855.12,5,3,1,Other,55.226
MT-17815,49,10,2890.14,4,2,4,Potential Loyalists,509.0068
MT-18070,203,11,1319.45,2,3,2,Other,-23.6763
MV-17485,27,15,1560.05,4,4,2,Loyal,189.0258
MV-18190,19,11,1734.57,5,3,2,Other,273.8582
MW-18220,17,14,5341.9,5,4,5,High-Value,1238.422
MW-18235,44,3,5253.88,4,1,5,Potential Loyalists,1665.516
MY-17380,29,13,2254.28,4,3,3,Other,319.1211
MY-18295,71,21,4152.7,3,5,4,At Risk,-371.7111
MZ-17335,30,6,593.61,4,1,1,New,85.0191
MZ-17515,282,10,2564.91,1,2,3,Other,787.7503
NB-18580,1165,2,273.87,1,1,1,Lost,24.7888
NB-18655,19,17,1972.6,5,4,3,Loyal,117.6429
NC-18340,224,17,2461.4,2,4,3,At Risk,580.3075
NC-18415,41,14,2218.99,4,4,3,Loyal,-2204.8072
NC-18535,6,15,8241.74,5,4,5,High-Value,1314.758
NC-18625,204,9,1821.74,2,2,3,Other,-359.021
ND-18370,27,18,4326.14,4,4,5,High-Value,353.6455
ND-18460,183,8,2893.46,2,2,4,Dormant High Value,443.3368
NF-18385,79,14,8322.83,3,4,5,At Risk,-1695.9714
NF-18475,525,4,377.16,1,1,1,Lost,85.9278
NF-18595,114,12,2031.47,2,3,3,At Risk,388.2131
NG-18355,48,16,1869.58,4,4,3,Loyal,313.6335
NG-18430,48,9,1395.94,4,2,2,Other,217.0893
NH-18610,189,11,2673.29,2,3,3,At Risk,760.1666
NK-18490,70,11,572.05,3,3,1,Other,121.2177
NL-18310,58,10,1418.09,3,2,2,Other,343.6381
NM-18445,160,14,6459.34,2,4,5,Churned Loyal,2751.6849
NM-18520,244,15,2161.98,1,4,3,At Risk,788.9525
NP-18325,25,21,5529.62,5,5,5,High-Value,1208.889
NP-18670,58,10,3908.4,3,2,4,Dormant High Value,514.6002
NP-18685,406,7,1228.7,1,1,2,Lost,514.5017
NP-18700,138,13,7903.18,2,3,5,At Risk,631.2282
NR-18550,210,13,2367.28,2,3,3,At Risk,-25.1488
NS-18505,6,15,2575.86,5,4,3,Loyal,-12.304
NS-18640,174,26,2964.82,2,5,4,Churned Loyal,-234.7714
NW-18400,172,22,7234.01,2,5,5,Churned Loyal,1023.123
NZ-18565,85,20,2488.31,3,5,3,At Risk,402.4236
ON-18715,410,15,1567.52,1,4,2,Churned Frequent,-5.889
OT-18730,65,10,3818.62,3,2,4,Dormant High Value,-925.1203
PA-19060,103,7,729.41,3,1,1,Other,225.8588
PB-18805,25,10,740.36,5,2,1,Other,229.2257
PB-19105,57,5,688.32,3,1,1,Other,218.1597
PB-19150,97,11,1456.95,3,3,2,Other,280.6606
PB-19210,688,2,132.74,1,1,1,Lost,21.897
PC-18745,2,5,1832.06,5,1,3,Other,272.685
PC-19000,882,3,1061.49,1,1,2,Lost,-184.3364
PF-19120,835,19,9062.86,1,5,5,Churned Loyal,-614.2943
PF-19165,196,10,2770,2,2,4,Dormant High Value,196.8739
PF-19225,114,10,2206.13,2,2,3,Other,591.3118
PG-18820,36,26,3086.91,4,5,4,High-Value,137.4613
PG-18895,57,17,1987.16,3,4,3,At Risk,334.5163
PH-18790,70,2,729.65,3,1,1,Other,47.8878
PJ-18835,39,13,1220.09,4,3,2,Other,442.1355
PJ-19015,134,10,1824.23,2,2,3,Other,682.9979
PK-18910,483,3,1441.15,1,1,2,Lost,-798.705
PK-19075,9,25,8646.93,5,5,5,High-Value,2038.2676
PL-18925,15,8,239.48,5,2,1,Other,-0.7527
PM-18940,386,4,1405.4,1,1,2,Lost,157.8768
PM-19135,51,7,4115.66,4,1,4,Potential Loyalists,526.7537
PN-18775,30,13,1467.15,4,3,2,Other,192.0396
PO-18850,4,22,7473.83,5,5,5,High-Value,38.4757
PO-18865,0,13,2493.21,5,3,3,Other,437.8533
PO-19180,160,18,4893.04,2,4,5,Churned Loyal,1155.4331
PO-19195,86,10,1056.86,3,2,2,Other,-49.7009
PP-18955,97,34,7252.61,3,5,5,At Risk,1495.0854
PR-18880,36,12,1840.18,4,3,3,Other,247.6226
PS-18760,107,21,2181.48,2,5,3,At Risk,-134.441
PS-18970,69,13,1278.64,3,3,2,Other,198.5099
PS-19045,236,13,6843.63,1,3,5,At Risk,1742.7297
PT-19090,71,7,160.57,3,1,1,Other,-20.0508
PV-18985,89,13,2876.05,3,3,4,At Risk,434.5284
PW-19030,46,13,3454.92,4,3,4,Potential Loyalists,803.8169
PW-19240,464,12,3922.42,1,3,4,At Risk,1290.354
QJ-19255,25,13,6108.34,5,3,5,Potential Loyalists,1203.6768
RA-19285,5,17,2617.91,5,4,3,Loyal,546.0882
RA-19885,43,15,3832.31,4,4,4,High-Value,1292.8656
RA-19915,12,22,4793.54,5,5,5,High-Value,304.8673
RA-19945,61,9,1686.92,3,2,2,Other,-445.695
RB-19330,68,6,1008.2,3,1,2,Other,-164.4062
RB-19360,96,18,15117.34,3,4,5,At Risk,6976.0959
RB-19435,19,16,2663.09,5,4,3,Loyal,477.2399
RB-19465,9,23,4715.47,5,5,5,High-Value,640.5466
RB-19570,25,9,528.55,5,2,1,Other,76.8879
RB-19645,648,7,221.08,1,1,1,Lost,72.679
RB-19705,54,7,2067.45,3,1,3,Other,243.0755
RB-19795,32,18,5633.32,4,4,5,High-Value,-461.7332
RC-19825,369,10,966.41,1,2,2,Lost,63.9914
RC-19960,110,11,885.75,2,3,1,Other,10.5633
RD-19480,72,15,4272.93,3,4,4,At Risk,480.594
RD-19585,180,19,2912.89,2,5,4,Churned Loyal,734.5158
RD-19660,114,5,2786.63,2,1,4,Dormant High Value,835.772
RD-19720,21,20,1419.74,5,5,2,Loyal,207.3304
RD-19810,14,16,1137.62,5,4,2,Loyal,318.4625
RD-19900,114,21,3133.92,2,5,4,Churned Loyal,455.5292
RD-19930,42,10,970.94,4,2,2,Other,35.0574
RE-19405,1097,1,48.36,1,1,1,Lost,6.045
RE-19450,302,9,876.7,1,2,1,Lost,209.2294
RF-19345,390,16,3309.15,1,4,4,Churned Loyal,633.7072
RF-19735,89,14,2341.3,3,4,3,At Risk,711.6168
RF-19840,6,11,945.22,5,3,1,Other,280.0261
RH-19495,32,8,3621.38,4,2,4,Potential Loyalists,563.7877
RH-19510,467,12,6979.18,1,3,5,At Risk,1289.4535
RH-19555,519,3,740.38,1,1,1,Lost,0.3057
RH-19600,534,11,2085.74,1,3,3,At Risk,172.6261
RK-19300,119,8,1460.19,2,2,2,Lost,269.688
RL-19615,121,24,6234.91,2,5,5,Churned Loyal,488.1484
RM-19375,345,9,1453.47,1,2,2,Lost,392.1499
RM-19675,6,11,5979.1,5,3,5,Potential Loyalists,1902.5438
RM-19750,299,2,98.35,1,1,1,Lost,28.6879
RO-19780,35,12,3815.48,4,3,4,Potential Loyalists,-1262.5716
RP-19270,496,12,954.65,1,3,1,Other,59.5384
RP-19390,33,25,5153.08,4,5,5,High-Value,465.2503
RP-19855,28,15,2170.72,4,4,3,Loyal,594.5868
RR-19315,19,4,615.93,5,1,1,New,-73.835
RR-19525,170,10,3302.26,2,2,4,Dormant High Value,721.6826
RS-19420,76,9,3221.29,3,2,4,Dormant High Value,633.4514
RS-19765,36,14,4159.77,4,4,4,High-Value,1206.3851
RS-19870,19,3,22.33,5,1,1,New,9.5838
RW-19540,120,23,7397.4,2,5,5,Churned Loyal,1586.6273
RW-19630,89,16,3279.75,3,4,4,At Risk,698.8325
RW-19690,79,15,3495.65,3,4,4,At Risk,707.5503
SA-20830,63,21,4767.34,3,5,5,At Risk,610.1496
SB-20170,201,7,1348.02,2,1,2,Lost,157.6658
SB-20185,188,12,6411,2,3,5,At Risk,885.4624
SB-20290,47,17,8057.89,4,4,5,High-Value,-2082.7451
SC-20020,781,17,3362.96,1,4,4,Churned Loyal,-317.0508
SC-20050,40,15,4624.57,4,4,5,High-Value,1011.7443
SC-20095,349,22,14142.33,1,5,5,Churned Loyal,5757.4119
SC-20230,149,11,4371.96,2,3,5,At Risk,440.141
SC-20260,187,18,3729.79,2,4,4,Churned Loyal,671.0034
SC-20305,29,12,3979.06,4,3,4,Potential Loyalists,229.1617
SC-20380,30,20,5992.54,4,5,5,High-Value,236.6615
SC-20440,36,10,1875,4,2,3,Other,379.5611
SC-20575,92,7,902.73,3,1,1,Other,100.2253
SC-20680,126,8,1254.64,2,2,2,Lost,370.1578
SC-20695,89,14,2576.41,3,4,3,At Risk,611.8291
SC-20725,187,26,5226.21,2,5,5,Churned Loyal,1276.6513
SC-20770,41,21,4492.66,4,5,5,High-Value,-671.1874
SC-20800,30,5,279.26,4,1,1,New,51.8252
SC-20845,131,4,280.63,2,1,1,Lost,31.1757
SD-20485,200,21,6121.11,2,5,5,Churned Loyal,1985.1672
SE-20110,9,19,12209.44,5,5,5,High-Value,2650.6769
SF-20065,59,9,763.55,3,2,1,Other,228.1623
SF-20200,59,15,3422.79,3,4,4,At Risk,286.9046
SF-20965,48,17,3336.54,4,4,4,High-Value,539.9352
SG-20080,8,11,3406.58,5,3,4,Potential Loyalists,570.438
SG-20470,183,14,1884.8,2,4,3,At Risk,-119.0105
SG-20605,108,13,3124.83,2,3,4,At Risk,463.269
SG-20890,226,5,47.95,1,1,1,Lost,-3.7073
SH-19975,29,29,3406.84,4,5,4,High-Value,558.474
SH-20395,23,15,2180.72,5,4,3,Loyal,-144.5229
SH-20635,765,2,2096.39,1,1,3,Other,260.6258
SJ-20125,95,24,3949.66,3,5,4,At Risk,144.1189
SJ-20215,29,10,1341.04,4,2,2,Other,-23.5137
SJ-20500,253,7,1318.78,1,1,2,Lost,68.0963
SK-19990,8,5,883.41,5,1,1,New,168.7933
SL-20155,70,9,3053.01,3,2,4,Dormant High Value,527.9715
SM-20005,421,6,244.49,1,1,1,Lost,-26.5927
SM-20320,79,15,25043.05,3,4,5,At Risk,-1980.7393
SM-20905,606,6,1043.04,1,1,2,Lost,-237.2885
SM-20950,25,22,5563.39,5,5,5,High-Value,581.5742
SN-20560,111,15,1860.42,2,4,3,At Risk,-716.8565
SN-20710,79,19,3127.96,3,5,4,At Risk,481.7499
SO-20335,29,15,2602.58,4,4,3,Loyal,-81.0858
SP-20545,327,10,1306.09,1,2,2,Lost,-118.7757
SP-20620,47,24,5440.32,4,5,5,High-Value,-270.4282
SP-20650,386,15,1872.44,1,4,3,At Risk,268.4782
SP-20860,79,24,4282.94,3,5,5,At Risk,566.7226
SP-20920,70,14,3990.69,3,4,4,At Risk,14.6924
SR-20425,8,9,3233.48,5,2,4,Potential Loyalists,-3333.9144
SR-20740,196,12,4345.89,2,3,5,At Risk,1990.4244
SS-20140,15,21,1324.03,5,5,2,Loyal,332.3487
SS-20410,110,12,3056.81,2,3,4,At Risk,-1010.9738
SS-20515,491,6,613.4,1,1,1,Lost,199.9345
SS-20590,432,9,418.49,1,2,1,Lost,135.5401
SS-20875,120,15,964.64,2,4,2,Churned Frequent,-75.586
ST-20530,125,12,433.34,2,3,1,Other,84.4419
SU-20665,20,18,2595.36,5,4,3,Loyal,763.4719
SV-20365,101,32,11470.95,3,5,5,At Risk,1199.4242
SV-20785,320,25,4105.3,1,5,4,Churned Loyal,485.0272
SV-20815,76,6,1271.09,3,1,2,Other,199.6502
SV-20935,2,13,1903.49,5,3,3,Other,106.8912
SW-20245,81,10,1085.08,3,2,2,Other,-19.6062
SW-20275,30,7,1966.65,4,1,3,Other,332.8725
SW-20350,162,6,1019.04,2,1,2,Lost,95.8383
SW-20455,162,9,2921.54,2,2,4,Dormant High Value,793.6548
SW-20755,534,8,758.7,1,2,1,Lost,68.2416
SZ-20035,35,20,3625.33,4,5,4,High-Value,366.4303
TA-21385,69,10,14595.62,3,2,5,Dormant High Value,4703.7883
TB-21055,119,18,1467.88,2,4,2,Churned Frequent,390.2113
TB-21175,58,11,3589.3,3,3,4,At Risk,829.1635
TB-21190,49,4,816.17,4,1,1,New,179.0038
TB-21250,349,19,1602.38,1,5,2,Churned Frequent,260.6155
TB-21280,583,11,2198.45,1,3,3,At Risk,490.9567
TB-21355,146,13,834.33,2,3,1,Other,268.967
TB-21400,202,17,9133.99,2,4,5,Churned Loyal,2798.3689
TB-21520,107,20,4737.49,2,5,5,Churned Loyal,-1603.0451
TB-21595,285,7,1387.56,1,1,2,Lost,-136.4091
TB-21625,30,15,2797.67,4,4,4,High-Value,379.882
TC-20980,399,12,19052.22,1,3,5,At Risk,8981.3239
TC-21145,106,4,1038.26,2,1,2,Lost,265.5332
TC-21295,27,16,4266.81,4,4,4,High-Value,606.3727
TC-21475,153,11,1244.98,2,3,2,Other,119.104
TC-21535,4,10,742.56,5,2,1,Other,217.933
TD-20995,37,16,1434.55,4,4,2,Loyal,88.1897
TG-21310,337,9,3058.37,1,2,4,Dormant High Value,682.1704
TG-21640,114,10,2074.66,2,2,3,Other,365.7205
TH-21100,344,7,2422.82,1,1,3,Other,-135.2125
TH-21115,58,9,2942.77,3,2,4,Dormant High Value,-252.5539
TH-21235,117,13,1022.2,2,3,2,Other,92.729
TH-21550,72,13,4234.1,3,3,4,At Risk,-571.9678
TM-21010,103,19,2955.23,3,5,4,At Risk,573.3013
TM-21490,130,4,1094.68,2,1,2,Lost,292.521
TN-21040,90,12,3130.22,3,3,4,At Risk,-692.0452
TP-21130,8,16,4454.06,5,4,5,High-Value,1129.1261
TP-21415,104,10,5329,2,2,5,Dormant High Value,-1087.3898
TP-21565,350,10,1936.64,1,2,3,Other,139.2287
TR-21325,193,7,675.94,2,1,1,Lost,220.3644
TS-21085,357,2,4.83,1,1,1,Lost,-3.3156
TS-21160,504,17,2163.62,1,4,3,At Risk,260.8744
TS-21205,198,19,5371.09,2,5,5,Churned Loyal,862.8877
TS-21340,226,12,974.78,1,3,2,Other,-184.9789
TS-21370,36,15,11891.75,4,4,5,High-Value,2371.7144
TS-21430,172,7,2054.14,2,1,3,Other,48.7017
TS-21505,11,14,2243.27,5,4,3,Loyal,11.3779
TS-21610,55,11,2820.42,3,3,4,At Risk,-294.6981
TS-21655,238,14,3368.09,1,4,4,Churned Loyal,220.9163
TT-21070,31,14,4915.6,4,4,5,High-Value,751.9567
TT-21220,183,15,1427.04,2,4,2,Churned Frequent,278.7371
TT-21265,406,3,439.5,1,1,1,Lost,93.9162
TT-21460,12,14,5364.81,5,4,5,High-Value,1124.4999
TW-21025,64,12,5278.83,3,3,5,At Risk,737.3905
TZ-21580,35,9,1707.29,4,2,2,Other,224.8887
VB-21745,54,10,2005.6,3,2,3,Other,371.2398
VD-21670,581,16,6442.25,1,4,5,Churned Loyal,1617.7874
VF-21715,13,11,847.94,5,3,1,Other,-96.278
VG-21790,154,8,846.01,2,2,1,Lost,143.6268
VG-21805,286,6,427.37,1,1,1,Lost,-52.333
VM-21685,54,12,2454.87,3,3,3,At Risk,513.5269
VM-21835,117,8,380.69,2,2,1,Lost,116.6373
VP-21730,30,5,993.9,4,1,2,Other,205.3888
VP-21760,75,14,3360.53,3,4,4,At Risk,-1018.7768
VS-21820,221,8,1055.98,2,2,2,Lost,-262.8093
VT-21700,1000,9,1736.6,1,2,2,Lost,-224.0889
VW-21775,28,18,6134.04,4,4,5,High-Value,-874.6645
WB-21850,20,37,6160.1,5,5,5,High-Value,714.3311
XP-21865,43,28,2374.66,4,5,3,Loyal,621.23
YC-21895,4,8,5454.35,5,2,5,Potential Loyalists,1305.629
YS-21880,9,12,6720.44,5,3,5,Potential Loyalists,1778.2923
ZC-21910,54,31,8025.71,3,5,5,At Risk,-1032.149
ZD-21925,202,9,1493.94,2,2,2,Lost,249.1307
